"Rahul","31"
"Shubam","30"
"Puspendra","29"
"Aakash","28"
"Shaline","27"
"Shilpa","26"
"Rahul Dube","25"
"Rahul","31"
"Shubam","30"
"Puspendra","29"
"Aakash","28"
"Shaline","27"
"Shilpa","26"
"Rahul Dube","25"
"Rahul","31"
"Shubam","30"
"Puspendra","29"
"Aakash","28"
"Shaline","27"
"Shilpa","26"
"Rahul Dube","25"
"Rahul","31"
"Shubam","30"
"Puspendra","29"
"Aakash","28"
"Shaline","27"
"Shilpa","26"
"Rahul Dube","25"
"Rahul","31"
"Shubam","30"
"Puspendra","29"
"Aakash","28"
"Shaline","27"
"Shilpa","26"
"Rahul Dube","25"
"Rahul","31"
"Rahul","31"
"Shubam","30"
"Puspendra","29"
"Aakash","28"
"Shaline","27"
"Shilpa","26"
"Rahul","31"
"Rahul","31"
"Shubam","30"
"Puspendra","29"
"Aakash","28"
"Shaline","27"
"Shilpa","26"
"Rahul","31"
"Shubam","30"
"Puspendra","29"
"Aakash","28"
"Shaline","27"
"Shilpa","26"
"Rahul Dube","25"
"Rahul","31"
"Shubam","30"
"Puspendra","29"
"Aakash","28"
"Shaline","27"
"Shilpa","26"
"Rahul Dube","25"
"Rahul","31"
"Shubam","30"
"Puspendra","29"
"Aakash","28"
"Shaline","27"
"Shilpa","26"
"Rahul Dube","25"
"Rahul","31"
"Shubam","30"
"Puspendra","29"
"Aakash","28"
"Shaline","27"
"Shilpa","26"
"Rahul Dube","25"
"Rahul","31"
"Shubam","30"
"Puspendra","29"
"Aakash","28"
"Shaline","27"
"Shilpa","26"
"Rahul Dube","25"
